
<?xml version="1.0" encoding="UTF-8" standalone="yes"?>
<addon id="repository.willovkodi" name="willov repo oficial" version="1.1.0" provider-name="willovkodi">
	<extension point="xbmc.addon.repository" name="willov repo oficial">
		<info compressed="false">https://raw.githubusercontent.com/willovkodi/kodimiro/master/addons.xml</info>
		<checksum>https://raw.githubusercontent.com/willovkodi/kodimiro/master/addons.xml.md5</checksum>
		<datadir zip="true">https://raw.githubusercontent.com/willovkodi/kodimiro/master</datadir>
	</extension>
	<extension point="xbmc.addon.metadata">
		<summary>willov repo oficial</summary>
   		<description lang="en">Instala los Addons de willovrepo.</description>
		<disclaimer></disclaimer>
		<platform>all</platform>
	</extension>
</addon>